{
  "IcoMoonType": "selection",
  "icons": [
    {
      "icon": {
        "paths": [
          "M1081.034 32.647c22.118-21.172 51.553-32.876 82.093-32.644 30.538 0.232 59.794 12.383 81.591 33.889 21.798 21.506 34.433 50.684 35.241 81.378 0.809 30.693-10.277 60.503-30.915 83.136l-626.508 787.752c-10.774 11.667-23.776 21.029-38.23 27.528-14.454 6.497-30.063 9.999-45.893 10.294-15.831 0.294-31.558-2.623-46.241-8.579-14.684-5.956-28.022-14.828-39.217-26.085l-415.474-417.714c-11.57-10.839-20.85-23.91-27.287-38.435-6.437-14.523-9.898-30.202-10.177-46.099s2.63-31.689 8.553-46.431c5.923-14.743 14.739-28.136 25.921-39.379 11.183-11.242 24.503-20.106 39.167-26.061s30.37-8.879 46.183-8.599c15.812 0.28 31.406 3.761 45.853 10.231 14.445 6.472 27.447 15.802 38.228 27.434l328.799 330.414 545.329-698.557c0.982-1.215 2.030-2.375 3.14-3.473h-0.156z"
        ],
        "attrs": [
          {
            "fill": "rgb(244, 244, 253)"
          }
        ],
        "width": 1280,
        "isMulticolor": false,
        "isMulticolor2": false,
        "grid": 16,
        "tags": [
          "Vector"
        ]
      },
      "attrs": [
        {
          "fill": "rgb(244, 244, 253)"
        }
      ],
      "properties": {
        "order": 68,
        "id": 4,
        "name": "Vector",
        "prevSize": 32
      },
      "setIdx": 1,
      "setId": 2,
      "iconIdx": 0
    },
    {
      "icon": {
        "paths": [
          "M896 0h-768c-70.4 0-128 57.6-128 128v768c0 70.4 57.6 128 128 128h768c70.4 0 128-57.6 128-128v-768c0-70.4-57.6-128-128-128zM448 794.51l-237.254-237.256 90.51-90.508 146.744 146.744 306.746-306.746 90.508 90.51-397.254 397.256z"
        ],
        "attrs": [
          {}
        ],
        "isMulticolor": false,
        "isMulticolor2": false,
        "tags": [
          "checkbox-checked",
          "checkbox",
          "tick",
          "checked",
          "selected"
        ],
        "grid": 16
      },
      "attrs": [
        {}
      ],
      "properties": {
        "order": 69,
        "id": 3,
        "prevSize": 32,
        "name": "checkbox-checked"
      },
      "setIdx": 1,
      "setId": 2,
      "iconIdx": 1
    },
    {
      "icon": {
        "paths": [
          "M397.434 917.696l-397.868-391.6 197.378-194.27 200.49 197.332 429.62-422.852 197.378 194.27-626.998 617.12zM107.912 526.096l289.524 284.962 518.656-510.482-89.036-87.632-429.62 422.852-200.49-197.334-89.034 87.634z"
        ],
        "attrs": [
          {}
        ],
        "isMulticolor": false,
        "isMulticolor2": false,
        "tags": [
          "checkmark",
          "tick",
          "correct",
          "accept",
          "ok"
        ],
        "grid": 16
      },
      "attrs": [
        {}
      ],
      "properties": {
        "order": 70,
        "id": 2,
        "prevSize": 32,
        "name": "checkmark"
      },
      "setIdx": 1,
      "setId": 2,
      "iconIdx": 2
    },
    {
      "icon": {
        "paths": [
          "M896 0h-768c-70.4 0-128 57.6-128 128v768c0 70.4 57.6 128 128 128h768c70.4 0 128-57.6 128-128v-768c0-70.4-57.6-128-128-128zM448 794.51l-237.254-237.256 90.51-90.508 146.744 146.744 306.746-306.746 90.508 90.51-397.254 397.256z"
        ],
        "attrs": [
          {}
        ],
        "isMulticolor": false,
        "isMulticolor2": false,
        "tags": [
          "checkbox-checked",
          "checkbox",
          "tick",
          "checked",
          "selected"
        ],
        "grid": 16
      },
      "attrs": [
        {}
      ],
      "properties": {
        "order": 71,
        "id": 1,
        "prevSize": 32,
        "name": "checkbox-checked1"
      },
      "setIdx": 1,
      "setId": 2,
      "iconIdx": 3
    },
    {
      "icon": {
        "paths": [
          "M512 0c-282.8 0-512 229.2-512 512s229.2 512 512 512 512-229.2 512-512-229.2-512-512-512zM763.6 351l-84 395.8c-5.8 28.2-22.8 34.8-46.4 21.8l-128-94.6-61.4 59.8c-7.2 7-12.8 12.8-25.6 12.8-16.6 0-13.8-6.2-19.4-22l-43.6-143.2-126.6-39.4c-27.4-8.4-27.6-27.2 6.2-40.6l493.2-190.4c22.4-10.2 44.2 5.4 35.6 40z"
        ],
        "attrs": [
          {}
        ],
        "isMulticolor": false,
        "isMulticolor2": false,
        "tags": [
          "telegram",
          "brand",
          "social"
        ],
        "grid": 16
      },
      "attrs": [
        {}
      ],
      "properties": {
        "order": 72,
        "id": 0,
        "prevSize": 32,
        "name": "telegram1"
      },
      "setIdx": 1,
      "setId": 2,
      "iconIdx": 4
    }
  ],
  "height": 1024,
  "preferences": {
    "showGlyphs": true,
    "showCodes": true,
    "showQuickUse": true,
    "showQuickUse2": false,
    "showSVGs": true,
    "fontPref": {
      "prefix": "icon-",
      "metadata": {},
      "metrics": {
        "emSize": 1024,
        "baseline": 6.25,
        "whitespace": 50
      }
    },
    "imagePref": {
      "prefix": "icon-",
      "png": false,
      "useClassSelector": true,
      "color": 0,
      "bgColor": 16777215,
      "name": "modal-icon",
      "classSelector": ".icon",
      "height": 32,
      "columns": 16,
      "margin": 16,
      "autoHost": true,
      "minifyJs": true,
      "sprite": true
    },
    "historySize": 50,
    "quickUsageToken": {
      "UntitledProject1": "ODcxNTRjZmIzYSMxNjk2MjY1MzI1I0VodzBCa09hRHJnZmsxVWo0MWlHemZxUWpFbmVEcm9JL0RFTjVXVGVlK3JX"
    },
    "gridSize": 16
  }
}