{
  "IcoMoonType": "selection",
  "icons": [],
  "height": 1024,
  "preferences": {
    "showGlyphs": true,
    "showCodes": true,
    "showQuickUse": true,
    "showQuickUse2": true,
    "showSVGs": true,
    "fontPref": {
      "prefix": "icon-",
      "metadata": {},
      "metrics": {
        "emSize": 1024,
        "baseline": 6.25,
        "whitespace": 50
      }
    },
    "imagePref": {
      "prefix": "icon-",
      "png": false,
      "useClassSelector": true,
      "color": 0,
      "bgColor": 16777215,
      "name": "astronavt",
      "classSelector": ".icon",
      "height": 32,
      "columns": 16,
      "margin": 16,
      "autoHost": true,
      "minifyJs": true,
      "sprite": true
    },
    "historySize": 50,
    "quickUsageToken": {
      "UntitledProject1": "NTdiZmI2MTg1ZiMxNjk1ODI4MTg5I29PTG56S2hVU2Y1a2xvY3U4YjhMbkdGNUVFSjVxaVFxczRqSDZkeHNRSzUr"
    }
  }
}