{
  "IcoMoonType": "selection",
  "icons": [
    {
      "icon": {
        "paths": [
          "M1228.8 0l-1228.8 576 392.701 121.201 605.699-473.201-460.713 517.955 0.374 0.118-0.461-0.118v282.045l220.227-214.103 278.979 86.103 191.995-896z"
        ],
        "attrs": [
          {
            "fill": "rgb(255, 255, 255)"
          }
        ],
        "width": 1229,
        "isMulticolor": false,
        "isMulticolor2": false,
        "grid": 0,
        "tags": [
          "icon send"
        ]
      },
      "attrs": [
        {
          "fill": "rgb(255, 255, 255)"
        }
      ],
      "properties": {
        "order": 12,
        "id": 0,
        "name": "icon-send",
        "prevSize": 32
      },
      "setIdx": 0,
      "setId": 6,
      "iconIdx": 0
    },
    {
      "icon": {
        "paths": [
          "M1008 6.286c12 8.571 17.714 22.286 15.429 36.571l-146.286 877.714c-1.714 10.857-8.571 20-18.286 25.714-5.143 2.857-11.429 4.571-17.714 4.571-4.571 0-9.143-1.143-13.714-2.857l-301.143-122.857-170.286 186.857c-6.857 8-16.571 12-26.857 12-4.571 0-9.143-0.571-13.143-2.286-14.286-5.714-23.429-19.429-23.429-34.286v-258.286l-269.714-110.286c-13.143-5.143-21.714-17.143-22.857-31.429-1.143-13.714 6.286-26.857 18.286-33.714l950.857-548.571c12-7.429 27.429-6.857 38.857 1.143zM812.571 862.857l126.286-756-819.429 472.571 192 78.286 493.143-365.143-273.143 455.429z"
        ],
        "attrs": [
          {}
        ],
        "width": 1025,
        "isMulticolor": false,
        "isMulticolor2": false,
        "tags": [
          "paper-plane-o",
          "send-o"
        ],
        "grid": 14
      },
      "attrs": [
        {}
      ],
      "properties": {
        "order": 13,
        "id": 1,
        "prevSize": 28,
        "name": "paper-plane-o"
      },
      "setIdx": 1,
      "setId": 5,
      "iconIdx": 0
    },
    {
      "icon": {
        "paths": [
          "M1008 6.286c12 8.571 17.714 22.286 15.429 36.571l-146.286 877.714c-1.714 10.857-8.571 20-18.286 25.714-5.143 2.857-11.429 4.571-17.714 4.571-4.571 0-9.143-1.143-13.714-2.857l-258.857-105.714-138.286 168.571c-6.857 8.571-17.143 13.143-28 13.143-4 0-8.571-0.571-12.571-2.286-14.286-5.143-24-18.857-24-34.286v-199.429l493.714-605.143-610.857 528.571-225.714-92.571c-13.143-5.143-21.714-17.143-22.857-31.429-0.571-13.714 6.286-26.857 18.286-33.714l950.857-548.571c5.714-3.429 12-5.143 18.286-5.143 7.429 0 14.857 2.286 20.571 6.286z"
        ],
        "attrs": [
          {}
        ],
        "width": 1025,
        "isMulticolor": false,
        "isMulticolor2": false,
        "tags": [
          "paper-plane",
          "send"
        ],
        "grid": 14
      },
      "attrs": [
        {}
      ],
      "properties": {
        "order": 11,
        "id": 0,
        "prevSize": 28,
        "name": "paper-plane"
      },
      "setIdx": 1,
      "setId": 5,
      "iconIdx": 1
    },
    {
      "icon": {
        "paths": [
          "M1009.376 5.12c-5.312-3.424-11.36-5.12-17.376-5.12-6.176 0-12.384 1.76-17.76 5.376l-960 640c-9.888 6.56-15.328 18.112-14.048 29.952 1.216 11.808 8.896 22.016 19.936 26.368l250.368 100.192 117.728 206.016c5.632 9.888 16.096 16 27.424 16.128 0.128 0 0.224 0 0.352 0 11.232 0 21.664-5.952 27.424-15.552l66.464-110.816 310.24 124.064c3.808 1.536 7.808 2.272 11.872 2.272 5.44 0 10.816-1.376 15.68-4.128 8.448-4.736 14.24-13.056 15.872-22.624l160-960c2.080-12.576-3.488-25.184-14.176-32.128zM100.352 664.864l741.6-494.432-539.2 577.184c-2.848-1.696-5.376-3.936-8.512-5.184l-193.888-77.568zM326.048 770.112c-0.064-0.128-0.16-0.192-0.224-0.32l606.176-648.8-516.768 805.184-89.184-156.064zM806.944 947.488l-273.312-109.312c-6.496-2.56-13.248-3.424-19.936-3.808l420.864-652.416-127.616 765.536z"
        ],
        "attrs": [
          {}
        ],
        "isMulticolor": false,
        "isMulticolor2": false,
        "tags": [
          "paperplane",
          "send",
          "flight",
          "email"
        ],
        "grid": 32
      },
      "attrs": [
        {}
      ],
      "properties": {
        "order": 1,
        "id": 0,
        "prevSize": 32,
        "name": "paperplane"
      },
      "setIdx": 2,
      "setId": 4,
      "iconIdx": 0
    },
    {
      "icon": {
        "paths": [
          "M1024 85.333l-1024 480 327.251 101.001 504.749-394.334-383.927 431.629 0.311 0.098-0.384-0.098v235.038l183.522-178.419 232.482 71.753 159.996-746.667z"
        ],
        "attrs": [
          {
            "fill": "rgb(255, 255, 255)"
          }
        ],
        "isMulticolor": false,
        "isMulticolor2": false,
        "grid": 0,
        "tags": [
          "frame"
        ]
      },
      "attrs": [
        {
          "fill": "rgb(255, 255, 255)"
        }
      ],
      "properties": {
        "order": 7,
        "id": 1,
        "name": "frame",
        "prevSize": 32
      },
      "setIdx": 5,
      "setId": 1,
      "iconIdx": 0
    },
    {
      "icon": {
        "paths": [
          "M1024 85.333l-1024 480 327.251 101.001 504.749-394.334-383.927 431.629 0.311 0.098-0.384-0.098v235.038l183.522-178.419 232.482 71.753 159.996-746.667z"
        ],
        "attrs": [
          {
            "fill": "rgb(255, 255, 255)"
          }
        ],
        "isMulticolor": false,
        "isMulticolor2": false,
        "grid": 0,
        "tags": [
          "Fra"
        ]
      },
      "attrs": [
        {
          "fill": "rgb(255, 255, 255)"
        }
      ],
      "properties": {
        "order": 8,
        "id": 0,
        "name": "Fra",
        "prevSize": 32
      },
      "setIdx": 5,
      "setId": 1,
      "iconIdx": 1
    }
  ],
  "height": 1024,
  "preferences": {
    "showGlyphs": true,
    "showCodes": true,
    "showQuickUse": true,
    "showQuickUse2": true,
    "showSVGs": true,
    "fontPref": {
      "prefix": "icon-",
      "metadata": {},
      "metrics": {
        "emSize": 1024,
        "baseline": 6.25,
        "whitespace": 50
      }
    },
    "imagePref": {
      "prefix": "icon-",
      "png": false,
      "useClassSelector": true,
      "color": 0,
      "bgColor": 16777215,
      "name": "astronavt",
      "classSelector": ".icon",
      "height": 32,
      "columns": 16,
      "margin": 16,
      "autoHost": true,
      "minifyJs": true,
      "sprite": true
    },
    "historySize": 50,
    "quickUsageToken": {
      "UntitledProject1": "NTdiZmI2MTg1ZiMxNjk1ODI4MTg5I29PTG56S2hVU2Y1a2xvY3U4YjhMbkdGNUVFSjVxaVFxczRqSDZkeHNRSzUr"
    }
  }
}