{
  "IcoMoonType": "selection",
  "icons": [
    {
      "icon": {
        "paths": [
          "M512 512c94.293 0 170.667-76.373 170.667-170.667s-76.373-170.667-170.667-170.667c-94.293 0-170.667 76.373-170.667 170.667s76.373 170.667 170.667 170.667zM512 597.333c-113.92 0-341.333 57.173-341.333 170.667v42.667c0 23.467 19.2 42.667 42.667 42.667h597.333c23.467 0 42.667-19.2 42.667-42.667v-42.667c0-113.493-227.413-170.667-341.333-170.667z"
        ],
        "attrs": [
          {}
        ],
        "isMulticolor": false,
        "isMulticolor2": false,
        "grid": 0,
        "tags": [
          "person-black-18dp 1 (2)"
        ],
        "colorPermutations": {
          "1229229229124424425312522522521255255255146476616475191177902291": [
            {}
          ]
        }
      },
      "attrs": [
        {}
      ],
      "properties": {
        "order": 36,
        "id": 13,
        "name": "person-black-18dp-1-2",
        "prevSize": 32
      },
      "setIdx": 0,
      "setId": 6,
      "iconIdx": 0
    },
    {
      "icon": {
        "paths": [
          "M128 32h768c53.019 0 96 42.981 96 96v768c0 53.019-42.981 96-96 96h-768c-53.019 0-96-42.981-96-96v-768c0-53.019 42.981-96 96-96z",
          "M732.518 272.324c11.059-10.586 25.773-16.438 41.043-16.322s29.901 6.191 40.8 16.944c10.899 10.753 17.216 25.342 17.619 40.689s-5.139 30.252-15.456 41.568l-313.256 393.878c-5.387 5.83-11.888 10.509-19.115 13.76s-15.032 4.998-22.947 5.146c-7.916 0.147-15.779-1.312-23.121-4.288s-14.011-7.411-19.608-13.043l-207.737-208.855c-5.786-5.42-10.426-11.955-13.644-19.217s-4.949-15.101-5.089-23.050c-0.14-7.949 1.315-15.844 4.276-23.215s7.37-14.068 12.961-19.69c5.592-5.621 12.252-10.053 19.584-13.030s15.185-4.44 23.091-4.3c7.906 0.14 15.703 1.88 22.926 5.116s13.724 7.901 19.114 13.717l164.399 165.207 272.666-349.279c0.486-0.608 1.011-1.187 1.568-1.736h-0.077z",
          "M128 32h768c53.019 0 96 42.981 96 96v768c0 53.019-42.981 96-96 96h-768c-53.019 0-96-42.981-96-96v-768c0-53.019 42.981-96 96-96z"
        ],
        "attrs": [
          {
            "fill": "rgb(64, 75, 191)"
          },
          {
            "fill": "rgb(244, 244, 253)"
          },
          {
            "fill": "none",
            "stroke": "rgb(64, 75, 191)",
            "strokeLinejoin": "miter",
            "strokeLinecap": "butt",
            "strokeMiterlimit": "4",
            "strokeWidth": 64
          }
        ],
        "isMulticolor": true,
        "isMulticolor2": true,
        "grid": 0,
        "tags": [
          "Property 1=click"
        ],
        "colorPermutations": {
          "1229229229124424425312522522521255255255146476616475191177902291": [
            {
              "f": 2
            },
            {
              "f": 5
            },
            {
              "s": 2
            }
          ]
        }
      },
      "attrs": [
        {
          "fill": "rgb(64, 75, 191)"
        },
        {
          "fill": "rgb(244, 244, 253)"
        },
        {
          "fill": "none",
          "stroke": "rgb(64, 75, 191)",
          "strokeLinejoin": "miter",
          "strokeLinecap": "butt",
          "strokeMiterlimit": "4",
          "strokeWidth": 64
        }
      ],
      "properties": {
        "order": 35,
        "id": 12,
        "name": "Property-1click",
        "prevSize": 32
      },
      "setIdx": 0,
      "setId": 6,
      "iconIdx": 1
    },
    {
      "icon": {
        "paths": [
          "M628.322 591.578l-78.43-8.956c-18.833-2.159-37.359 4.326-50.637 17.6l-56.815 56.815c-87.381-44.463-159.016-115.789-203.479-203.477l57.122-57.125c13.277-13.277 19.761-31.803 17.6-50.639l-8.954-77.81c-3.705-31.186-29.951-54.653-61.445-54.653h-53.417c-34.891 0-63.916 29.024-61.754 63.916 16.365 263.692 227.255 474.273 490.634 490.636 34.893 2.163 63.915-26.863 63.915-61.751v-53.419c0.311-31.185-23.155-57.429-54.34-61.137z"
        ],
        "attrs": [
          {}
        ],
        "width": 768,
        "isMulticolor": false,
        "isMulticolor2": false,
        "grid": 0,
        "tags": [
          "phone-black-18dp 1 (1)"
        ],
        "colorPermutations": {
          "1229229229124424425312522522521255255255146476616475191177902291": [
            {}
          ]
        }
      },
      "attrs": [
        {}
      ],
      "properties": {
        "order": 34,
        "id": 9,
        "name": "phone-black",
        "prevSize": 32
      },
      "setIdx": 0,
      "setId": 6,
      "iconIdx": 4
    },
    {
      "icon": {
        "paths": [
          "M1024 103.131l-103.131-103.131-408.869 408.869-408.869-408.869-103.131 103.131 408.869 408.869-408.869 408.869 103.131 103.131 408.869-408.869 408.869 408.869 103.131-103.131-408.869-408.869 408.869-408.869z"
        ],
        "attrs": [
          {}
        ],
        "isMulticolor": false,
        "isMulticolor2": false,
        "grid": 0,
        "tags": [
          "close-black-18dp (2) 1"
        ],
        "colorPermutations": {
          "1229229229124424425312522522521255255255146476616475191177902291": [
            {}
          ]
        }
      },
      "attrs": [
        {}
      ],
      "properties": {
        "order": 33,
        "id": 7,
        "name": "close-black",
        "prevSize": 32
      },
      "setIdx": 0,
      "setId": 6,
      "iconIdx": 6
    },
    {
      "icon": {
        "paths": [
          "M640 256h-512c-35.2 0-63.68 28.8-63.68 64l-0.32 384c0 35.2 28.8 64 64 64h512c35.2 0 64-28.8 64-64v-384c0-35.2-28.8-64-64-64zM627.2 392l-226.24 141.44c-10.24 6.4-23.68 6.4-33.92 0l-226.24-141.44c-8-5.12-12.8-13.76-12.8-23.040 0-21.44 23.36-34.24 41.6-23.040l214.4 134.080 214.4-134.080c18.24-11.2 41.6 1.6 41.6 23.040 0 9.28-4.8 17.92-12.8 23.040z"
        ],
        "attrs": [
          {}
        ],
        "width": 768,
        "isMulticolor": false,
        "isMulticolor2": false,
        "grid": 0,
        "tags": [
          "email-black-18dp 1"
        ],
        "colorPermutations": {
          "1229229229124424425312522522521255255255146476616475191177902291": [
            {}
          ]
        }
      },
      "attrs": [
        {}
      ],
      "properties": {
        "order": 32,
        "id": 6,
        "name": "email-black",
        "prevSize": 32
      },
      "setIdx": 0,
      "setId": 6,
      "iconIdx": 7
    }
  ],
  "height": 1024,
  "preferences": {
    "showGlyphs": true,
    "showCodes": true,
    "showQuickUse": true,
    "showQuickUse2": true,
    "showSVGs": true,
    "fontPref": {
      "prefix": "icon-",
      "metadata": {},
      "metrics": {
        "emSize": 1024,
        "baseline": 6.25,
        "whitespace": 50
      }
    },
    "imagePref": {
      "prefix": "icon-",
      "png": false,
      "useClassSelector": true,
      "color": 0,
      "bgColor": 16777215,
      "name": "astr",
      "classSelector": ".icon",
      "height": 32,
      "columns": 16,
      "margin": 16,
      "autoHost": true,
      "minifyJs": true,
      "sprite": true
    },
    "historySize": 50,
    "quickUsageToken": {
      "UntitledProject1": "ODcxNTRjZmIzYSMxNjk2MjY1MzI1I0VodzBCa09hRHJnZmsxVWo0MWlHemZxUWpFbmVEcm9JL0RFTjVXVGVlK3JX"
    },
    "gridSize": 16
  }
}